departamento,grupo_edad,poblacion_2007,poblacion_2017,variacion_absoluta,variacion_pct,total_dpto_2007,total_dpto_2017,crecimiento_dpto_pct
Amazonas,0-4,46914,38682,-8232,-17.55,375993,379384,0.9
Amazonas,5-9,47486,42509,-4977,-10.48,375993,379384,0.9
Amazonas,10-14,47830,41116,-6714,-14.04,375993,379384,0.9
Amazonas,15-19,38111,33225,-4886,-12.82,375993,379384,0.9
Amazonas,20-24,30974,27696,-3278,-10.58,375993,379384,0.9
Amazonas,25-29,28257,27784,-473,-1.67,375993,379384,0.9
Amazonas,30-34,25000,27742,2742,10.97,375993,379384,0.9
Amazonas,35-39,23962,25616,1654,6.9,375993,379384,0.9
Amazonas,40-44,20111,23055,2944,14.64,375993,379384,0.9
Amazonas,45-49,16207,20757,4550,28.07,375993,379384,0.9
Amazonas,50-54,13171,17701,4530,34.39,375993,379384,0.9
Amazonas,55-59,9760,14201,4441,45.5,375993,379384,0.9
Amazonas,60-64,8471,11620,3149,37.17,375993,379384,0.9
Amazonas,65-69,6777,8713,1936,28.57,375993,379384,0.9
Amazonas,70-74,5165,6940,1775,34.37,375993,379384,0.9
Amazonas,75-79,3677,5422,1745,47.46,375993,379384,0.9
Amazonas,80-84,2116,3739,1623,76.7,375993,379384,0.9
Amazonas,85-89,1296,1876,580,44.75,375993,379384,0.9
Amazonas,90-94,390,748,358,91.79,375993,379384,0.9
Ancash,0-4,104342,92974,-11368,-10.89,1063459,1083519,1.89
Ancash,5-9,108053,99550,-8503,-7.87,1063459,1083519,1.89
Ancash,10-14,122645,99665,-22980,-18.74,1063459,1083519,1.89
Ancash,15-19,104282,88933,-15349,-14.72,1063459,1083519,1.89
Ancash,20-24,90076,84064,-6012,-6.67,1063459,1083519,1.89
Ancash,25-29,81424,79728,-1696,-2.08,1063459,1083519,1.89
Ancash,30-34,75195,77836,2641,3.51,1063459,1083519,1.89
Ancash,35-39,71212,74621,3409,4.79,1063459,1083519,1.89
Ancash,40-44,62239,70684,8445,13.57,1063459,1083519,1.89
Ancash,45-49,51445,64093,12648,24.59,1063459,1083519,1.89
Ancash,50-54,43581,56667,13086,30.03,1063459,1083519,1.89
Ancash,55-59,35716,47443,11727,32.83,1063459,1083519,1.89
Ancash,60-64,31655,38891,7236,22.86,1063459,1083519,1.89
Ancash,65-69,26646,32762,6116,22.95,1063459,1083519,1.89
Ancash,70-74,21449,27667,6218,28.99,1063459,1083519,1.89
Ancash,75-79,15728,21779,6051,38.47,1063459,1083519,1.89
Ancash,80-84,9346,14787,5441,58.22,1063459,1083519,1.89
Ancash,85-89,5316,7608,2292,43.12,1063459,1083519,1.89
Ancash,90-94,1827,2828,1001,54.79,1063459,1083519,1.89
Apurimac,0-4,46579,35677,-10902,-23.41,404190,405759,0.39
Apurimac,5-9,48858,38029,-10829,-22.16,404190,405759,0.39
Apurimac,10-14,56247,43596,-12651,-22.49,404190,405759,0.39
Apurimac,15-19,40776,34992,-5784,-14.18,404190,405759,0.39
Apurimac,20-24,28781,32065,3284,11.41,404190,405759,0.39
Apurimac,25-29,26622,30802,4180,15.7,404190,405759,0.39
Apurimac,30-34,25638,28374,2736,10.67,404190,405759,0.39
Apurimac,35-39,24436,26828,2392,9.79,404190,405759,0.39
Apurimac,40-44,21484,25215,3731,17.37,404190,405759,0.39
Apurimac,45-49,17792,22363,4571,25.69,404190,405759,0.39
Apurimac,50-54,14077,20071,5994,42.58,404190,405759,0.39
Apurimac,55-59,11644,16540,4896,42.05,404190,405759,0.39
Apurimac,60-64,10952,12979,2027,18.51,404190,405759,0.39
Apurimac,65-69,9694,11079,1385,14.29,404190,405759,0.39
Apurimac,70-74,7262,9939,2677,36.86,404190,405759,0.39
Apurimac,75-79,5818,7862,2044,35.13,404190,405759,0.39
Apurimac,80-84,3499,4996,1497,42.78,404190,405759,0.39
Apurimac,85-89,2307,2851,544,23.58,404190,405759,0.39
Apurimac,90-94,742,1036,294,39.62,404190,405759,0.39
Arequipa,0-4,97415,109771,12356,12.68,1152303,1382730,20.0
Arequipa,5-9,98061,112118,14057,14.33,1152303,1382730,20.0
Arequipa,10-14,109293,106056,-3237,-2.96,1152303,1382730,20.0
Arequipa,15-19,112455,109608,-2847,-2.53,1152303,1382730,20.0
Arequipa,20-24,110755,122257,11502,10.39,1152303,1382730,20.0
Arequipa,25-29,101411,117948,16537,16.31,1152303,1382730,20.0
Arequipa,30-34,92999,110664,17665,18.99,1152303,1382730,20.0
Arequipa,35-39,83287,104706,21419,25.72,1152303,1382730,20.0
Arequipa,40-44,73498,97507,24009,32.67,1152303,1382730,20.0
Arequipa,45-49,61581,84570,22989,37.33,1152303,1382730,20.0
Arequipa,50-54,52305,73481,21176,40.49,1152303,1382730,20.0
Arequipa,55-59,40878,61864,20986,51.34,1152303,1382730,20.0
Arequipa,60-64,33436,50790,17354,51.9,1152303,1382730,20.0
Arequipa,65-69,26694,39249,12555,47.03,1152303,1382730,20.0
Arequipa,70-74,21316,30209,8893,41.72,1152303,1382730,20.0
Arequipa,75-79,16623,21814,5191,31.23,1152303,1382730,20.0
Arequipa,80-84,10361,15878,5517,53.25,1152303,1382730,20.0
Arequipa,85-89,6235,9195,2960,47.47,1152303,1382730,20.0
Arequipa,90-94,2404,3742,1338,55.66,1152303,1382730,20.0
Ayacucho,0-4,68807,54200,-14607,-21.23,612489,616176,0.6
Ayacucho,5-9,74404,57869,-16535,-22.22,612489,616176,0.6
Ayacucho,10-14,78633,63958,-14675,-18.66,612489,616176,0.6
Ayacucho,15-19,60273,58088,-2185,-3.63,612489,616176,0.6
Ayacucho,20-24,51073,52279,1206,2.36,612489,616176,0.6
Ayacucho,25-29,45226,47014,1788,3.95,612489,616176,0.6
Ayacucho,30-34,40559,44499,3940,9.71,612489,616176,0.6
Ayacucho,35-39,36467,41870,5403,14.82,612489,616176,0.6
Ayacucho,40-44,32401,38113,5712,17.63,612489,616176,0.6
Ayacucho,45-49,25895,32176,6281,24.26,612489,616176,0.6
Ayacucho,50-54,21166,29318,8152,38.51,612489,616176,0.6
Ayacucho,55-59,17845,23534,5689,31.88,612489,616176,0.6
Ayacucho,60-64,15694,19221,3527,22.47,612489,616176,0.6
Ayacucho,65-69,13571,16513,2942,21.68,612489,616176,0.6
Ayacucho,70-74,10862,13583,2721,25.05,612489,616176,0.6
Ayacucho,75-79,8645,10658,2013,23.29,612489,616176,0.6
Ayacucho,80-84,5201,7206,2005,38.55,612489,616176,0.6
Ayacucho,85-89,3289,3959,670,20.37,612489,616176,0.6
Ayacucho,90-94,1128,1501,373,33.07,612489,616176,0.6
Cajamarca,0-4,152411,123462,-28949,-18.99,1387809,1341012,-3.37
Cajamarca,5-9,156679,135972,-20707,-13.22,1387809,1341012,-3.37
Cajamarca,10-14,175814,136594,-39220,-22.31,1387809,1341012,-3.37
Cajamarca,15-19,141419,112808,-28611,-20.23,1387809,1341012,-3.37
Cajamarca,20-24,120657,99738,-20919,-17.34,1387809,1341012,-3.37
Cajamarca,25-29,106141,98576,-7565,-7.13,1387809,1341012,-3.37
Cajamarca,30-34,95135,100504,5369,5.64,1387809,1341012,-3.37
Cajamarca,35-39,87989,94267,6278,7.13,1387809,1341012,-3.37
Cajamarca,40-44,74315,85418,11103,14.94,1387809,1341012,-3.37
Cajamarca,45-49,62436,74434,11998,19.22,1387809,1341012,-3.37
Cajamarca,50-54,50314,64765,14451,28.72,1387809,1341012,-3.37
Cajamarca,55-59,39737,53953,14216,35.78,1387809,1341012,-3.37
Cajamarca,60-64,35429,43802,8373,23.63,1387809,1341012,-3.37
Cajamarca,65-69,28633,35855,7222,25.22,1387809,1341012,-3.37
Cajamarca,70-74,23224,28872,5648,24.32,1387809,1341012,-3.37
Cajamarca,75-79,17062,22897,5835,34.2,1387809,1341012,-3.37
Cajamarca,80-84,10461,16085,5624,53.76,1387809,1341012,-3.37
Cajamarca,85-89,6249,8672,2423,38.77,1387809,1341012,-3.37
Cajamarca,90-94,2217,3275,1058,47.72,1387809,1341012,-3.37
Callao,0-4,79949,78810,-1139,-1.42,876877,994494,13.41
Callao,5-9,74008,83938,9930,13.42,876877,994494,13.41
Callao,10-14,81324,80477,-847,-1.04,876877,994494,13.41
Callao,15-19,80521,76680,-3841,-4.77,876877,994494,13.41
Callao,20-24,81990,87191,5201,6.34,876877,994494,13.41
Callao,25-29,79634,82434,2800,3.52,876877,994494,13.41
Callao,30-34,74797,77898,3101,4.15,876877,994494,13.41
Callao,35-39,64698,75687,10989,16.99,876877,994494,13.41
Callao,40-44,56879,69962,13083,23.0,876877,994494,13.41
Callao,45-49,47978,60415,12437,25.92,876877,994494,13.41
Callao,50-54,42160,52565,10405,24.68,876877,994494,13.41
Callao,55-59,32030,45280,13250,41.37,876877,994494,13.41
Callao,60-64,24877,38238,13361,53.71,876877,994494,13.41
Callao,65-69,19051,29557,10506,55.15,876877,994494,13.41
Callao,70-74,14705,21487,6782,46.12,876877,994494,13.41
Callao,75-79,10768,14934,4166,38.69,876877,994494,13.41
Callao,80-84,6547,10192,3645,55.67,876877,994494,13.41
Callao,85-89,3331,5814,2483,74.54,876877,994494,13.41
Callao,90-94,1186,2258,1072,90.39,876877,994494,13.41
Cusco,0-4,122571,101892,-20679,-16.87,1171403,1205527,2.91
Cusco,5-9,135523,107791,-27732,-20.46,1171403,1205527,2.91
Cusco,10-14,144601,117653,-26948,-18.64,1171403,1205527,2.91
Cusco,15-19,117208,111656,-5552,-4.74,1171403,1205527,2.91
Cusco,20-24,98532,102253,3721,3.78,1171403,1205527,2.91
Cusco,25-29,90189,95163,4974,5.52,1171403,1205527,2.91
Cusco,30-34,81011,90209,9198,11.35,1171403,1205527,2.91
Cusco,35-39,75721,85264,9543,12.6,1171403,1205527,2.91
Cusco,40-44,67778,78329,10551,15.57,1171403,1205527,2.91
Cusco,45-49,56423,68729,12306,21.81,1171403,1205527,2.91
Cusco,50-54,44922,61946,17024,37.9,1171403,1205527,2.91
Cusco,55-59,35283,50837,15554,44.08,1171403,1205527,2.91
Cusco,60-64,28910,39763,10853,37.54,1171403,1205527,2.91
Cusco,65-69,24390,30948,6558,26.89,1171403,1205527,2.91
Cusco,70-74,18103,24484,6381,35.25,1171403,1205527,2.91
Cusco,75-79,13998,18417,4419,31.57,1171403,1205527,2.91
Cusco,80-84,8085,11529,3444,42.6,1171403,1205527,2.91
Cusco,85-89,4783,5934,1151,24.06,1171403,1205527,2.91
Cusco,90-94,1672,2005,333,19.92,1171403,1205527,2.91
Huancavelica,0-4,53480,31715,-21765,-40.7,454797,347639,-23.56
Huancavelica,5-9,63217,34038,-29179,-46.16,454797,347639,-23.56
Huancavelica,10-14,63881,39676,-24205,-37.89,454797,347639,-23.56
Huancavelica,15-19,45340,35305,-10035,-22.13,454797,347639,-23.56
Huancavelica,20-24,36553,26401,-10152,-27.77,454797,347639,-23.56
Huancavelica,25-29,30678,22573,-8105,-26.42,454797,347639,-23.56
Huancavelica,30-34,26904,22728,-4176,-15.52,454797,347639,-23.56
Huancavelica,35-39,25060,20895,-4165,-16.62,454797,347639,-23.56
Huancavelica,40-44,22474,19711,-2763,-12.29,454797,347639,-23.56
Huancavelica,45-49,19275,17614,-1661,-8.62,454797,347639,-23.56
Huancavelica,50-54,15101,17015,1914,12.67,454797,347639,-23.56
Huancavelica,55-59,13263,14557,1294,9.76,454797,347639,-23.56
Huancavelica,60-64,10949,12061,1112,10.16,454797,347639,-23.56
Huancavelica,65-69,9292,10715,1423,15.31,454797,347639,-23.56
Huancavelica,70-74,7073,8666,1593,22.52,454797,347639,-23.56
Huancavelica,75-79,5592,6465,873,15.61,454797,347639,-23.56
Huancavelica,80-84,3161,4329,1168,36.95,454797,347639,-23.56
Huancavelica,85-89,1971,2145,174,8.83,454797,347639,-23.56
Huancavelica,90-94,717,731,14,1.95,454797,347639,-23.56
Huanuco,0-4,88061,67728,-20333,-23.09,762223,721047,-5.4
Huanuco,5-9,94498,71407,-23091,-24.44,762223,721047,-5.4
Huanuco,10-14,102910,77678,-25232,-24.52,762223,721047,-5.4
Huanuco,15-19,79796,67281,-12515,-15.68,762223,721047,-5.4
Huanuco,20-24,65564,60796,-4768,-7.27,762223,721047,-5.4
Huanuco,25-29,56063,54411,-1652,-2.95,762223,721047,-5.4
Huanuco,30-34,48806,52199,3393,6.95,762223,721047,-5.4
Huanuco,35-39,46207,48292,2085,4.51,762223,721047,-5.4
Huanuco,40-44,40187,43112,2925,7.28,762223,721047,-5.4
Huanuco,45-49,34047,37665,3618,10.63,762223,721047,-5.4
Huanuco,50-54,26721,34429,7708,28.85,762223,721047,-5.4
Huanuco,55-59,21084,28718,7634,36.21,762223,721047,-5.4
Huanuco,60-64,17342,22731,5389,31.07,762223,721047,-5.4
Huanuco,65-69,14242,18131,3889,27.31,762223,721047,-5.4
Huanuco,70-74,10669,14027,3358,31.47,762223,721047,-5.4
Huanuco,75-79,8061,10649,2588,32.11,762223,721047,-5.4
Huanuco,80-84,4203,6938,2735,65.07,762223,721047,-5.4
Huanuco,85-89,2311,3409,1098,47.51,762223,721047,-5.4
Huanuco,90-94,721,1058,337,46.74,762223,721047,-5.4
Ica,0-4,69295,78581,9286,13.4,711932,850765,19.5
Ica,5-9,63698,80095,16397,25.74,711932,850765,19.5
Ica,10-14,71917,72573,656,0.91,711932,850765,19.5
Ica,15-19,69895,67219,-2676,-3.83,711932,850765,19.5
Ica,20-24,67952,74495,6543,9.63,711932,850765,19.5
Ica,25-29,60068,70005,9937,16.54,711932,850765,19.5
Ica,30-34,55074,66209,11135,20.22,711932,850765,19.5
Ica,35-39,49717,60328,10611,21.34,711932,850765,19.5
Ica,40-44,43407,55739,12332,28.41,711932,850765,19.5
Ica,45-49,36118,48795,12677,35.1,711932,850765,19.5
Ica,50-54,31168,42444,11276,36.18,711932,850765,19.5
Ica,55-59,24877,35369,10492,42.18,711932,850765,19.5
Ica,60-64,20045,29008,8963,44.71,711932,850765,19.5
Ica,65-69,15798,23006,7208,45.63,711932,850765,19.5
Ica,70-74,12782,17488,4706,36.82,711932,850765,19.5
Ica,75-79,9198,12602,3404,37.01,711932,850765,19.5
Ica,80-84,5934,8967,3033,51.11,711932,850765,19.5
Ica,85-89,3197,4932,1735,54.27,711932,850765,19.5
Ica,90-94,1222,2182,960,78.56,711932,850765,19.5
Junin,0-4,125114,112201,-12913,-10.32,1225474,1246038,1.68
Junin,5-9,134832,116926,-17906,-13.28,1225474,1246038,1.68
Junin,10-14,144417,119738,-24679,-17.09,1225474,1246038,1.68
Junin,15-19,128737,114015,-14722,-11.44,1225474,1246038,1.68
Junin,20-24,112602,107299,-5303,-4.71,1225474,1246038,1.68
Junin,25-29,97305,98528,1223,1.26,1225474,1246038,1.68
Junin,30-34,84102,94218,10116,12.03,1225474,1246038,1.68
Junin,35-39,79385,86701,7316,9.22,1225474,1246038,1.68
Junin,40-44,70263,76134,5871,8.36,1225474,1246038,1.68
Junin,45-49,58830,67631,8801,14.96,1225474,1246038,1.68
Junin,50-54,47569,60777,13208,27.77,1225474,1246038,1.68
Junin,55-59,37154,50899,13745,36.99,1225474,1246038,1.68
Junin,60-64,30296,41291,10995,36.29,1225474,1246038,1.68
Junin,65-69,25464,32593,7129,28.0,1225474,1246038,1.68
Junin,70-74,18370,25485,7115,38.73,1225474,1246038,1.68
Junin,75-79,15098,19351,4253,28.17,1225474,1246038,1.68
Junin,80-84,8462,12239,3777,44.63,1225474,1246038,1.68
Junin,85-89,5110,6945,1835,35.91,1225474,1246038,1.68
Junin,90-94,1452,2318,866,59.64,1225474,1246038,1.68
La Libertad,0-4,166452,162240,-4212,-2.53,1617050,1778080,9.96
La Libertad,5-9,156509,169983,13474,8.61,1617050,1778080,9.96
La Libertad,10-14,179377,163278,-16099,-8.97,1617050,1778080,9.96
La Libertad,15-19,163513,145786,-17727,-10.84,1617050,1778080,9.96
La Libertad,20-24,149648,156974,7326,4.9,1617050,1778080,9.96
La Libertad,25-29,130097,140563,10466,8.04,1617050,1778080,9.96
La Libertad,30-34,117397,130827,13430,11.44,1617050,1778080,9.96
La Libertad,35-39,106569,120802,14233,13.36,1617050,1778080,9.96
La Libertad,40-44,94273,111684,17411,18.47,1617050,1778080,9.96
La Libertad,45-49,79730,99577,19847,24.89,1617050,1778080,9.96
La Libertad,50-54,67134,87784,20650,30.76,1617050,1778080,9.96
La Libertad,55-59,52681,75271,22590,42.88,1617050,1778080,9.96
La Libertad,60-64,44947,61651,16704,37.16,1617050,1778080,9.96
La Libertad,65-69,35872,48247,12375,34.5,1617050,1778080,9.96
La Libertad,70-74,28021,39075,11054,39.45,1617050,1778080,9.96
La Libertad,75-79,21022,28645,7623,36.26,1617050,1778080,9.96
La Libertad,80-84,12234,19583,7349,60.07,1617050,1778080,9.96
La Libertad,85-89,7421,10600,3179,42.84,1617050,1778080,9.96
La Libertad,90-94,2608,4139,1531,58.7,1617050,1778080,9.96
Lambayeque,0-4,110026,107141,-2885,-2.62,1112868,1197260,7.58
Lambayeque,5-9,107494,111936,4442,4.13,1112868,1197260,7.58
Lambayeque,10-14,122775,106544,-16231,-13.22,1112868,1197260,7.58
Lambayeque,15-19,114907,101920,-12987,-11.3,1112868,1197260,7.58
Lambayeque,20-24,99394,103153,3759,3.78,1112868,1197260,7.58
Lambayeque,25-29,86715,89627,2912,3.36,1112868,1197260,7.58
Lambayeque,30-34,81145,83201,2056,2.53,1112868,1197260,7.58
Lambayeque,35-39,74977,80443,5466,7.29,1112868,1197260,7.58
Lambayeque,40-44,66793,76981,10188,15.25,1112868,1197260,7.58
Lambayeque,45-49,57748,69479,11731,20.31,1112868,1197260,7.58
Lambayeque,50-54,49441,61941,12500,25.28,1112868,1197260,7.58
Lambayeque,55-59,37163,54624,17461,46.98,1112868,1197260,7.58
Lambayeque,60-64,30686,45070,14384,46.87,1112868,1197260,7.58
Lambayeque,65-69,23243,33682,10439,44.91,1112868,1197260,7.58
Lambayeque,70-74,19288,26765,7477,38.77,1112868,1197260,7.58
Lambayeque,75-79,14267,18605,4338,30.41,1112868,1197260,7.58
Lambayeque,80-84,8629,13894,5265,61.02,1112868,1197260,7.58
Lambayeque,85-89,5247,7841,2594,49.44,1112868,1197260,7.58
Lambayeque,90-94,2016,3316,1300,64.48,1112868,1197260,7.58
Lima,0-4,713807,695343,-18464,-2.59,8445211,9485405,12.32
Lima,5-9,685344,725565,40221,5.87,8445211,9485405,12.32
Lima,10-14,746671,711968,-34703,-4.65,8445211,9485405,12.32
Lima,15-19,799164,734815,-64349,-8.05,8445211,9485405,12.32
Lima,20-24,837038,855120,18082,2.16,8445211,9485405,12.32
Lima,25-29,781473,830221,48748,6.24,8445211,9485405,12.32
Lima,30-34,721109,775108,53999,7.49,8445211,9485405,12.32
Lima,35-39,626804,733889,107085,17.08,8445211,9485405,12.32
Lima,40-44,546449,678504,132055,24.17,8445211,9485405,12.32
Lima,45-49,455111,589372,134261,29.5,8445211,9485405,12.32
Lima,50-54,399228,511817,112589,28.2,8445211,9485405,12.32
Lima,55-59,308104,435120,127016,41.23,8445211,9485405,12.32
Lima,60-64,245097,363425,118328,48.28,8445211,9485405,12.32
Lima,65-69,190089,283106,93017,48.93,8445211,9485405,12.32
Lima,70-74,148209,212059,63850,43.08,8445211,9485405,12.32
Lima,75-79,113030,150362,37332,33.03,8445211,9485405,12.32
Lima,80-84,69461,103972,34511,49.68,8445211,9485405,12.32
Lima,85-89,38560,62019,23459,60.84,8445211,9485405,12.32
Lima,90-94,14138,25555,11417,80.75,8445211,9485405,12.32
Loreto,0-4,128240,100960,-27280,-21.27,891732,883510,-0.92
Loreto,5-9,105686,114351,8665,8.2,891732,883510,-0.92
Loreto,10-14,110421,108401,-2020,-1.83,891732,883510,-0.92
Loreto,15-19,100631,75843,-24788,-24.63,891732,883510,-0.92
Loreto,20-24,80569,63747,-16822,-20.88,891732,883510,-0.92
Loreto,25-29,68734,63936,-4798,-6.98,891732,883510,-0.92
Loreto,30-34,57630,60972,3342,5.8,891732,883510,-0.92
Loreto,35-39,51784,54922,3138,6.06,891732,883510,-0.92
Loreto,40-44,45885,50967,5082,11.08,891732,883510,-0.92
Loreto,45-49,38094,42793,4699,12.34,891732,883510,-0.92
Loreto,50-54,29836,37463,7627,25.56,891732,883510,-0.92
Loreto,55-59,22952,32070,9118,39.73,891732,883510,-0.92
Loreto,60-64,16914,25050,8136,48.1,891732,883510,-0.92
Loreto,65-69,12797,19199,6402,50.03,891732,883510,-0.92
Loreto,70-74,8830,13338,4508,51.05,891732,883510,-0.92
Loreto,75-79,6598,9631,3033,45.97,891732,883510,-0.92
Loreto,80-84,3389,5918,2529,74.62,891732,883510,-0.92
Loreto,85-89,1880,2810,930,49.47,891732,883510,-0.92
Loreto,90-94,545,904,359,65.87,891732,883510,-0.92
Madre de Dios,0-4,12694,14520,1826,14.38,109555,141070,28.77
Madre de Dios,5-9,10683,15449,4766,44.61,109555,141070,28.77
Madre de Dios,10-14,11046,13521,2475,22.41,109555,141070,28.77
Madre de Dios,15-19,11371,10349,-1022,-8.99,109555,141070,28.77
Madre de Dios,20-24,12384,12522,138,1.11,109555,141070,28.77
Madre de Dios,25-29,10916,14277,3361,30.79,109555,141070,28.77
Madre de Dios,30-34,9193,13248,4055,44.11,109555,141070,28.77
Madre de Dios,35-39,8239,10660,2421,29.38,109555,141070,28.77
Madre de Dios,40-44,6948,8809,1861,26.78,109555,141070,28.77
Madre de Dios,45-49,5409,7690,2281,42.17,109555,141070,28.77
Madre de Dios,50-54,3695,6582,2887,78.13,109555,141070,28.77
Madre de Dios,55-59,2490,5156,2666,107.07,109555,141070,28.77
Madre de Dios,60-64,1584,3311,1727,109.03,109555,141070,28.77
Madre de Dios,65-69,1182,2147,965,81.64,109555,141070,28.77
Madre de Dios,70-74,675,1254,579,85.78,109555,141070,28.77
Madre de Dios,75-79,536,834,298,55.6,109555,141070,28.77
Madre de Dios,80-84,272,429,157,57.72,109555,141070,28.77
Madre de Dios,85-89,159,209,50,31.45,109555,141070,28.77
Madre de Dios,90-94,46,74,28,60.87,109555,141070,28.77
Moquegua,0-4,13259,13024,-235,-1.77,161533,174863,8.25
Moquegua,5-9,13141,14051,910,6.92,161533,174863,8.25
Moquegua,10-14,14497,13761,-736,-5.08,161533,174863,8.25
Moquegua,15-19,13945,12990,-955,-6.85,161533,174863,8.25
Moquegua,20-24,14740,13475,-1265,-8.58,161533,174863,8.25
Moquegua,25-29,14874,13581,-1293,-8.69,161533,174863,8.25
Moquegua,30-34,13713,14104,391,2.85,161533,174863,8.25
Moquegua,35-39,12987,14025,1038,7.99,161533,174863,8.25
Moquegua,40-44,10953,13111,2158,19.7,161533,174863,8.25
Moquegua,45-49,9076,11687,2611,28.77,161533,174863,8.25
Moquegua,50-54,7721,9744,2023,26.2,161533,174863,8.25
Moquegua,55-59,6263,8173,1910,30.5,161533,174863,8.25
Moquegua,60-64,4843,6945,2102,43.4,161533,174863,8.25
Moquegua,65-69,3898,5520,1622,41.61,161533,174863,8.25
Moquegua,70-74,2923,4004,1081,36.98,161533,174863,8.25
Moquegua,75-79,2246,2965,719,32.01,161533,174863,8.25
Moquegua,80-84,1255,2037,782,62.31,161533,174863,8.25
Moquegua,85-89,742,1089,347,46.77,161533,174863,8.25
Moquegua,90-94,270,422,152,56.3,161533,174863,8.25
Pasco,0-4,29090,22617,-6473,-22.25,280449,254065,-9.41
Pasco,5-9,29206,24912,-4294,-14.7,280449,254065,-9.41
Pasco,10-14,34300,24198,-10102,-29.45,280449,254065,-9.41
Pasco,15-19,30469,20649,-9820,-32.23,280449,254065,-9.41
Pasco,20-24,27287,23238,-4049,-14.84,280449,254065,-9.41
Pasco,25-29,24255,21700,-2555,-10.53,280449,254065,-9.41
Pasco,30-34,20536,20763,227,1.11,280449,254065,-9.41
Pasco,35-39,19319,18420,-899,-4.65,280449,254065,-9.41
Pasco,40-44,16084,16182,98,0.61,280449,254065,-9.41
Pasco,45-49,13079,14431,1352,10.34,280449,254065,-9.41
Pasco,50-54,10047,12301,2254,22.43,280449,254065,-9.41
Pasco,55-59,7548,9984,2436,32.27,280449,254065,-9.41
Pasco,60-64,5920,7529,1609,27.18,280449,254065,-9.41
Pasco,65-69,4845,5975,1130,23.32,280449,254065,-9.41
Pasco,70-74,3472,4317,845,24.34,280449,254065,-9.41
Pasco,75-79,2527,3430,903,35.73,280449,254065,-9.41
Pasco,80-84,1358,2102,744,54.79,280449,254065,-9.41
Pasco,85-89,710,932,222,31.27,280449,254065,-9.41
Pasco,90-94,206,268,62,30.1,280449,254065,-9.41
Piura,0-4,187401,179780,-7621,-4.07,1676315,1856809,10.77
Piura,5-9,172867,193112,20245,11.71,1676315,1856809,10.77
Piura,10-14,192598,182578,-10020,-5.2,1676315,1856809,10.77
Piura,15-19,172616,153566,-19050,-11.04,1676315,1856809,10.77
Piura,20-24,145647,149183,3536,2.43,1676315,1856809,10.77
Piura,25-29,130558,141401,10843,8.31,1676315,1856809,10.77
Piura,30-34,118081,132785,14704,12.45,1676315,1856809,10.77
Piura,35-39,107272,127410,20138,18.77,1676315,1856809,10.77
Piura,40-44,97433,116182,18749,19.24,1676315,1856809,10.77
Piura,45-49,85072,101638,16566,19.47,1676315,1856809,10.77
Piura,50-54,70972,91331,20359,28.69,1676315,1856809,10.77
Piura,55-59,48839,80955,32116,65.76,1676315,1856809,10.77
Piura,60-64,42704,65738,23034,53.94,1676315,1856809,10.77
Piura,65-69,33058,44374,11316,34.23,1676315,1856809,10.77
Piura,70-74,27357,36604,9247,33.8,1676315,1856809,10.77
Piura,75-79,21272,25622,4350,20.45,1676315,1856809,10.77
Piura,80-84,11927,18959,7032,58.96,1676315,1856809,10.77
Piura,85-89,6951,10657,3706,53.32,1676315,1856809,10.77
Piura,90-94,2363,3680,1317,55.73,1676315,1856809,10.77
Puno,0-4,121756,89662,-32094,-26.36,1268441,1172697,-7.55
Puno,5-9,133848,97800,-36048,-26.93,1268441,1172697,-7.55
Puno,10-14,148454,104816,-43638,-29.39,1268441,1172697,-7.55
Puno,15-19,130358,104463,-25895,-19.86,1268441,1172697,-7.55
Puno,20-24,114931,102337,-12594,-10.96,1268441,1172697,-7.55
Puno,25-29,101802,94402,-7400,-7.27,1268441,1172697,-7.55
Puno,30-34,87137,88465,1328,1.52,1268441,1172697,-7.55
Puno,35-39,81137,82850,1713,2.11,1268441,1172697,-7.55
Puno,40-44,70839,77327,6488,9.16,1268441,1172697,-7.55
Puno,45-49,59533,66987,7454,12.52,1268441,1172697,-7.55
Puno,50-54,49646,60954,11308,22.78,1268441,1172697,-7.55
Puno,55-59,41337,50385,9048,21.89,1268441,1172697,-7.55
Puno,60-64,35584,42711,7127,20.03,1268441,1172697,-7.55
Puno,65-69,28382,35492,7110,25.05,1268441,1172697,-7.55
Puno,70-74,24248,29278,5030,20.74,1268441,1172697,-7.55
Puno,75-79,18619,20337,1718,9.23,1268441,1172697,-7.55
Puno,80-84,10398,14281,3883,37.34,1268441,1172697,-7.55
Puno,85-89,6099,7363,1264,20.72,1268441,1172697,-7.55
Puno,90-94,1997,2122,125,6.26,1268441,1172697,-7.55
San Martin,0-4,84703,81317,-3386,-4.0,728808,813381,11.6
San Martin,5-9,79215,89161,9946,12.56,728808,813381,11.6
San Martin,10-14,87963,84271,-3692,-4.2,728808,813381,11.6
San Martin,15-19,78256,67247,-11009,-14.07,728808,813381,11.6
San Martin,20-24,65864,64169,-1695,-2.57,728808,813381,11.6
San Martin,25-29,58868,65167,6299,10.7,728808,813381,11.6
San Martin,30-34,52676,62326,9650,18.32,728808,813381,11.6
San Martin,35-39,49498,57184,7686,15.53,728808,813381,11.6
San Martin,40-44,44380,51319,6939,15.64,728808,813381,11.6
San Martin,45-49,34902,45125,10223,29.29,728808,813381,11.6
San Martin,50-54,26265,40346,14081,53.61,728808,813381,11.6
San Martin,55-59,19053,32100,13047,68.48,728808,813381,11.6
San Martin,60-64,15237,23876,8639,56.7,728808,813381,11.6
San Martin,65-69,11469,17278,5809,50.65,728808,813381,11.6
San Martin,70-74,8490,12866,4376,51.54,728808,813381,11.6
San Martin,75-79,5933,9393,3460,58.32,728808,813381,11.6
San Martin,80-84,3174,5984,2810,88.53,728808,813381,11.6
San Martin,85-89,1841,2933,1092,59.32,728808,813381,11.6
San Martin,90-94,634,980,346,54.57,728808,813381,11.6
Tumbes,0-4,21637,21695,58,0.27,200306,224863,12.26
Tumbes,5-9,19081,23268,4187,21.94,200306,224863,12.26
Tumbes,10-14,20058,20953,895,4.46,200306,224863,12.26
Tumbes,15-19,20306,17672,-2634,-12.97,200306,224863,12.26
Tumbes,20-24,19506,18127,-1379,-7.07,200306,224863,12.26
Tumbes,25-29,17790,17708,-82,-0.46,200306,224863,12.26
Tumbes,30-34,15797,17388,1591,10.07,200306,224863,12.26
Tumbes,35-39,14496,16530,2034,14.03,200306,224863,12.26
Tumbes,40-44,12744,14723,1979,15.53,200306,224863,12.26
Tumbes,45-49,10529,13109,2580,24.5,200306,224863,12.26
Tumbes,50-54,8453,11589,3136,37.1,200306,224863,12.26
Tumbes,55-59,5745,9960,4215,73.37,200306,224863,12.26
Tumbes,60-64,4312,7590,3278,76.02,200306,224863,12.26
Tumbes,65-69,3131,5101,1970,62.92,200306,224863,12.26
Tumbes,70-74,2653,3631,978,36.86,200306,224863,12.26
Tumbes,75-79,1987,2472,485,24.41,200306,224863,12.26
Tumbes,80-84,1060,1812,752,70.94,200306,224863,12.26
Tumbes,85-89,669,1042,373,55.75,200306,224863,12.26
Tumbes,90-94,235,374,139,59.15,200306,224863,12.26
Ucayali,0-4,55929,56484,555,0.99,432159,496459,14.88
Ucayali,5-9,46501,60572,14071,30.26,432159,496459,14.88
Ucayali,10-14,54156,54230,74,0.14,432159,496459,14.88
Ucayali,15-19,47875,40253,-7622,-15.92,432159,496459,14.88
Ucayali,20-24,40111,41224,1113,2.77,432159,496459,14.88
Ucayali,25-29,34864,40217,5353,15.35,432159,496459,14.88
Ucayali,30-34,30218,37147,6929,22.93,432159,496459,14.88
Ucayali,35-39,27773,33117,5344,19.24,432159,496459,14.88
Ucayali,40-44,24706,29231,4525,18.32,432159,496459,14.88
Ucayali,45-49,19709,24962,5253,26.65,432159,496459,14.88
Ucayali,50-54,15263,22055,6792,44.5,432159,496459,14.88
Ucayali,55-59,11231,18112,6881,61.27,432159,496459,14.88
Ucayali,60-64,7930,13626,5696,71.83,432159,496459,14.88
Ucayali,65-69,5909,9938,4029,68.18,432159,496459,14.88
Ucayali,70-74,4070,6351,2281,56.04,432159,496459,14.88
Ucayali,75-79,2934,4415,1481,50.48,432159,496459,14.88
Ucayali,80-84,1618,2632,1014,62.67,432159,496459,14.88
Ucayali,85-89,948,1245,297,31.33,432159,496459,14.88
Ucayali,90-94,261,496,235,90.04,432159,496459,14.88
